id,score,author,num_comments,subreddit
62sjuh,438467,serventofgaben,5175,movies
11ia0od,297697,lionsgate,33261,movies
iikebv,201679,whereami1928,9695,movies
tzxev3,198513,lionsgate,26200,movies
ztqlgb,197602,officialtobeymaguire,17464,movies
b1i33f,158618,avengerxyz,11065,movies
488gjl,144222,asher42a,14674,movies
jlhi6x,142687,enderswigginredux,6728,movies
wd47jv,142074,fungobat,5158,movies
77helj,133699,GuillermoDelToroHere,2804,movies
ibjzqj,128731,princey12,3952,movies
9wgs9p,123859,clampie,2942,movies
ct5aya,123001,BunyipPouch,9801,movies
dni9j9,119915,GovSchwarzenegger,2478,movies
d7uulk,119092,fsckeith,3328,movies
dwvtt3,115861,mi-16evil,4748,movies
9jfncr,115646,Melanismdotcom,2453,movies
jg10zn,115201,kramerburger,6460,movies
2da3m3,110974,None,12631,movies
bk14av,110445,ninjyte,1923,movies
11pypyb,109864,MarvelsGrantMan136,3195,movies
qgca14,109684,CosmicBlazeKnight,6476,movies
jjadf6,109351,Borat,9025,movies
bx6f20,107165,thomasp003,4834,movies
xqfqah,104971,uxhelpneeded,5016,movies
8dy86c,104304,jilaps,3304,movies
ghjq0f,104279,clonetheory,2546,movies
u27agl,104106,chanma50,4792,movies
6s68f5,103033,indig0sixalpha,4454,movies
8235q9,102823,Sparksman91,4017,movies
jgvm6o,102810,allwinter,2828,movies
adchof,102369,magikarpcatcher,3429,movies
tzamgu,102161,MarvelsGrantMan136,10520,movies
8yn412,101951,Johnny_W94,2785,movies
karqzi,101877,SanderSo47,3301,movies
g2gqgc,100876,teekay_1994,2706,movies
91wlaz,100137,BunyipPouch,2088,movies
6gfr9n,99101,DocDerz,2756,movies
7dtn5i,98821,doug3465,4158,movies
ip3c4v,97923,indig0sixalpha,3659,movies
5kkzmo,97590,scoutfinch76,5916,movies
cgbt3j,97557,chanma50,4550,movies
7k0uie,97238,User0989,6857,movies
d3p7e9,97232,GovSchwarzenegger,1268,movies
f1l1vk,96833,rekrap13,6552,movies
f8v73d,96815,BunyipPouch,4135,movies
6fkii4,96640,ReleaseThePressure,998,movies
u1922r,95537,lionsgate,2983,movies
y3z0r4,95345,MarvelsGrantMan136,2412,movies
9jojjy,95101,sorrysnail,2575,movies
6rjwo1,94582,derstherower,3690,movies
7vnh5s,94212,filmfanatic5,2105,movies
tn232n,93650,MarvelsGrantMan136,3557,movies
11u08ib,93411,MarvelsGrantMan136,5177,movies
izk0ny,93071,Sisiwakanamaru,2857,movies
7n9jg5,92957,gojameston,4811,movies
m1ezgs,92781,impeccabletim,2567,movies
ipj2kc,92567,None,10602,movies
ieu6pf,92064,None,9174,movies
e1ylut,91088,FPS_Yusuf1999,1963,movies
6cjpz1,91082,JournalistDude,6148,movies
dk2uvh,91007,ispendagesonthis,3169,movies
jcwiyf,90261,BrickWorc89,2219,movies
nofv1b,90149,DubstepDonut,6481,movies
vcxv3p,90058,Arpith2019,5617,movies
t3cy47,89774,The_Iceman2288,1535,movies
905tp1,89611,jokerbyreddit,2227,movies
k34e08,89358,Beanzthebear,1979,movies
da1ohq,89188,thomasp003,4223,movies
7m8jj0,89113,ninjyte,4368,movies
jjptsb,88773,DemiFiendRSA,5881,movies
140yes7,88551,-MinorWomensWhiplash,1326,movies
9la4am,88455,broken_beat,1987,movies
uyb024,88180,DemiFiendRSA,4773,movies
7d49bs,88072,Sisiwakanamaru,3067,movies
xpsn6p,87423,MarvelsGrantMan136,4170,movies
65dbxi,87045,temtam,8735,movies
7qjmly,86562,OneHeapedAndStir,3034,movies
fsdffe,86369,BunyipPouch,2000,movies
dt3ejz,86358,chanma50,3797,movies
dv8fcl,86221,DemiFiendRSA,7593,movies
8ut00l,86071,Saditon,4433,movies
fkp2j3,84790,chiaconan,3069,movies
a96wam,83906,BunyipPouch,2121,movies
7tudsh,83849,indig0sixalpha,2653,movies
al4cye,83292,filmfanatic5,2460,movies
bmfu49,83275,rhodetolove,3419,movies
bj6kr1,83231,TheBuzzTrack,1751,movies
79js4l,82787,IMtheRookie,2757,movies
k6ox7e,82733,The_Iceman2288,5598,movies
ihrk4f,82377,chanma50,1413,movies
a3znlo,82047,Tushar_007,9606,movies
atvypd,81611,BunyipPouch,1860,movies
113zdzt,80812,kingofpeace1,4380,movies
pjqwpl,80331,chanma50,5228,movies
oa8a7i,80217,chanma50,4106,movies
506s48,79990,ThorleBanana,3741,movies
935ons,79741,Sockin,9610,movies
j0d0o8,79553,lacourseauxetoiles,3761,movies
lcgakt,79328,chanma50,1869,movies
kez0j2,79324,chanma50,3168,movies
qw2h8p,79324,MarvelsGrantMan136,5686,movies
ysecxd,79238,Arpith2019,3044,movies
uo6e8z,78985,MarvelsGrantMan136,2741,movies
dokg3q,78545,thomasp003,9008,movies
7a76op,78396,Melanismdotcom,7128,movies
pkxa0k,78369,FreshmenMan,13580,movies
virxw5,78246,None,2014,movies
hb0l5r,78219,BunyipPouch,5567,movies
ag8rcx,78102,benjwilliams98,9191,movies
90yyox,78078,josesimon09,12509,movies
kv4q4p,78086,impeccabletim,2856,movies
otl4n7,77696,MarvelsGrantMan136,2102,movies
cft2io,77273,James007BondUK,4958,movies
l652sd,77099,impeccabletim,2852,movies
c145h4,77005,BunyipPouch,1317,movies
7vl262,76906,jainswapnil52,1579,movies
740tkq,76759,bilalzou,2854,movies
tsaa73,76734,DemiFiendRSA,5873,movies
w3kx65,76681,Sumit316,6380,movies
39fjku,76519,Syaoran89,3183,movies
1300zvv,76438,mdavis360,3954,movies
dqac8k,76272,BunyipPouch,1704,movies
lifoxa,76144,neonroli47,2081,movies
grksr0,76085,bostoncrabsandwich,4675,movies
7y75ny,75781,BunyipPouch,1468,movies
luz74x,75733,chanma50,950,movies
pnrlth,75463,Obversa,2059,movies
qdt7w4,75448,MoviesMod,12731,movies
cgv7lf,75382,Bullingdon1973,2725,movies
dn0mkp,74684,MoviesMod,4086,movies
1fczqhk,74666,MarvelsGrantMan136,2597,movies
ha4t7t,74412,LundgrensFrontKick,2582,movies
u6dv8s,74164,MarvelsGrantMan136,2871,movies
i9nl4g,74027,Greysun123,2063,movies
cg3dhn,73984,None,3679,movies
t0jbug,73923,prsnreddit,3192,movies
ezxxsy,73771,None,1206,movies
ira600,73737,AnivaBay,7562,movies
b0zj3a,73724,wangulator,11750,movies
6lpg4d,73501,NeilPoonHandler,2515,movies
8g52uw,73257,dmh2493,2477,movies
7vht5v,72950,None,4100,movies
etbvid,72460,BunyipPouch,2590,movies
q5f1q1,72442,chanma50,5930,movies
99rutu,72294,BunyipPouch,1779,movies
68999h,72149,Naweezy,2979,movies
i5e8vo,72120,CephalopodRed,4094,movies
ou21h1,72068,caseyfla,7462,movies
xs32dt,72026,MarvelsGrantMan136,3059,movies
5xhiix,71999,None,2793,movies
6nop13,71756,ZombieSocrates,2739,movies
j2641p,71459,SanderSo47,2793,movies
cwmras,71341,rhodetolove,6887,movies
5vqwkd,71285,djawesome361,3595,movies
76eykq,71243,BunyipPouch,6442,movies
bppy7f,71224,neeveewood,1654,movies
imdia2,71170,marco_esquandolas,5358,movies
k3eh3p,71166,impeccabletim,1227,movies
7acdbd,71031,BunyipPouch,4326,movies
tpw0do,70958,MarvelsGrantMan136,1572,movies
32tx0z,70822,Nothematic,10307,movies
8x9c6b,70707,LivnLegndNeedsEggs,2540,movies
jeeq5k,70393,HarisAhmed95,1717,movies
aii4hu,70351,TheApropalypse,1590,movies
bxx5ns,70326,None,1146,movies
7zf7e1,70305,SpaffyWaffle,4042,movies
esbehh,70292,Consiliarius,1628,movies
bjm6gm,70116,BunyipPouch,3851,movies
8yto89,69963,alexander_karamazov,4670,movies
8fchnd,69880,None,2241,movies
rt0zc4,69869,fifthdayofmay,1726,movies
csfo0b,69805,mrjapan,3372,movies
bsi2d8,69684,emercrump,3325,movies
xme9uc,69671,singleguy79,2089,movies
9xgzny,69585,TylerBatemanjr,1138,movies
9dlpy4,69342,Flatrock,2858,movies
cra2zb,68912,GovSchwarzenegger,1019,movies
f0t6aw,68793,BunyipPouch,1378,movies
b8xn8q,68779,DemiFiendRSA,8679,movies
kf5pii,68616,MacKenzieGore,1213,movies
vgb4jr,68039,Shirowoh,2874,movies
qd4vzs,68000,LETS_MAKE_IT_AWKWARD,15275,movies
12fo08p,67868,MarvelsGrantMan136,3056,movies
ucppza,67781,MarvelsGrantMan136,5779,movies
bs2n3o,67722,GovSchwarzenegger,6882,movies
k9a3m3,67700,chanma50,4470,movies
fik5mf,67680,BunyipPouch,822,movies
tuyndz,67552,TheBrassrhino,1483,movies
meizev,67449,chanma50,1257,movies
bkz3bj,67426,MoviesMod,5619,movies
m5jvo3,67309,chanma50,2274,movies
8wu5z5,67295,BunyipPouch,2771,movies
1130ocr,67282,MarvelsGrantMan136,1560,movies
eziqsx,67152,chanma50,2556,movies
g0h0qi,67154,thejokerjackson,3427,movies
311bwj,67105,None,467,movies
mzmxzw,67089,new_handle,3410,movies
91dnuh,67008,Chuknorris86,743,movies
8nmhhi,66906,BunyipPouch,2171,movies
5fpxpe,66888,None,3332,movies
xdbx2l,66793,TheDezKillah,2174,movies
9e89f3,66747,Velocistar113,1230,movies
d6utu7,66688,Niyazali_Haneef,1380,movies
8u9gqh,66542,intodarkness24,2572,movies
85nk5c,66534,BunyipPouch,1465,movies
6yakju,66511,Coop1534,2737,movies
bvlsdn,66479,BunyipPouch,2386,movies
p14cu6,66294,SanderSo47,3949,movies
j0x7nk,65920,tiduraes,4271,movies
9533xx,65918,cnrnd,2679,movies
4kp5r5,65865,rbevans,4158,movies
7a2bwn,65856,nickmw,865,movies
997sz0,65781,MaleNudity,1746,movies
mhfrk5,65744,chanma50,3469,movies
78xgsh,65719,clothesdisaster,3370,movies
ldcv3i,65649,DemiFiendRSA,1864,movies
digb7a,65399,BunyipPouch,1943,movies
6n9fdy,65382,filmfanatic5,4849,movies
112mohc,65342,MarvelsGrantMan136,3226,movies
627i92,65344,None,8466,movies
mjxmmn,65226,definetlydifferently,5149,movies
7sazyu,65231,Kylestache,4208,movies
9kishb,65208,None,2306,movies
kl7czs,65182,BunyipPouch,2267,movies
dplqbh,65110,BunyipPouch,832,movies
jc83yd,65091,shpielteam6,2169,movies
c2y5lf,65050,BunyipPouch,1813,movies
syx4bb,64756,The_Iceman2288,1663,movies
7qfdl4,64687,None,865,movies
fh82n9,64616,chanma50,3928,movies
zqpa7d,64564,MarvelsGrantMan136,1560,movies
9htby4,64535,PM_me_ur_FavItem,1270,movies
j7hsnz,64475,Austin63867,2821,movies
p7lssn,64480,Morganbanefort,2424,movies
86bb0w,64355,Johnny_W94,4116,movies
ksiuj4,64345,lordDEMAXUS,841,movies
wp4ss3,64333,MarvelsGrantMan136,3979,movies
d283e8,64311,GovSchwarzenegger,1987,movies
hbzimm,64264,None,1178,movies
jp85dh,64224,Aileos,7725,movies
gfxqeb,64211,BunyipPouch,1649,movies
9a6ugh,64101,TheDaliComma,1040,movies
q9k2h6,63927,indig0sixalpha,7732,movies
agz9gr,63763,anaccount50,4092,movies
hjg25u,63599,chanma50,1902,movies
w8pfqa,63506,mayukhdas1999,3859,movies
6mi7r1,63501,acamu5x,1333,movies
7xcrc9,63433,None,3044,movies
bc1uoe,62906,BunyipPouch,2445,movies
aw7h7q,62798,BunyipPouch,2758,movies
90rlfl,62621,sbilogic,5778,movies
124pgqw,62571,MarvelsGrantMan136,2671,movies
7pz256,62470,stupidsexyflanders12,2229,movies
7i2805,62317,BunyipPouch,2539,movies
j993qo,62248,BunyipPouch,2395,movies
871udr,62249,MoviesMod,7146,movies
a732xv,62234,yombato,1205,movies
azonzz,62206,__secter_,4493,movies
dq42e4,62200,impeccabletim,1516,movies
7u3248,62179,MrX16,14215,movies
tttncb,62075,IanMazgelis,994,movies
5ppm9v,62060,TMayes86,7480,movies
a68vzl,61997,None,1862,movies
fmldaw,61938,edthomson92,853,movies
3pfpp1,61894,Lord_Pancake,13283,movies
lhqm9t,61871,be11end,3191,movies
1irneiq,61853,MarvelsGrantMan136,4234,movies
82zcxk,61855,Vranak,2540,movies
j3934y,61785,bjkman,3124,movies
6tnubh,61749,frmacleod,3867,movies
7gd8al,61680,indig0sixalpha,11186,movies
xrd294,61561,MarvelsGrantMan136,3420,movies
7dkj75,61532,Sanlear,3343,movies
b8kvci,61490,pairofcrocs,3053,movies
mz38tv,61379,DemiFiendRSA,7856,movies
iyt04s,61225,BunyipPouch,2128,movies
c7n76t,61188,DaHyro,2303,movies
xvfx6x,61049,None,3139,movies
gmnle5,60965,BunyipPouch,1976,movies
k11owk,60959,chanma50,4510,movies
5cpw2z,60936,anonymousTestPoster,1137,movies
mym2qt,60886,DemiFiendRSA,3134,movies
bg3vyb,60795,BunyipPouch,1664,movies
chpmo1,60768,SanderSo47,3256,movies
l00i1v,60660,Knightboat17,1572,movies
jr2zub,60576,chanma50,834,movies
ho3qie,60470,bostoncrabsandwich,6362,movies
96bk1i,60452,BunyipPouch,1351,movies
cwvsyf,60305,flyingthedonut,988,movies
7xnroa,60295,DemiFiendRSA,3804,movies
k4p99o,60282,chanma50,5252,movies
6uwh5t,60266,Naweezy,4108,movies
uq3fq9,60255,Sumit316,5138,movies
sawqtj,60133,Sumit316,4889,movies
6zmnck,60048,Gavvster,2532,movies
axs6xs,59931,BunyipPouch,1934,movies
bnqje9,59837,BunyipPouch,1516,movies
9wfqqw,59790,Johnny_W94,5838,movies
ya6edp,59775,MistleFeast,1679,movies
b4a9i9,59772,KatanaAmerica,1959,movies
cahtb1,59732,GoRush87,4444,movies
qgvx6r,59695,indig0sixalpha,5940,movies
ac75jk,59629,RokuKyoshiAang,5165,movies
w4eg97,59595,MarvelsGrantMan136,3306,movies
96zlit,59505,BunyipPouch,3113,movies
dod3ub,59494,koavf,2909,movies
xg3qbp,59433,MarvelsGrantMan136,3150,movies
jxosr6,59380,None,4319,movies
acm06m,59324,thomasp003,1265,movies
6f1577,59325,BunyipPouch,1832,movies
2l5wka,59295,austindlight,1655,movies
7lrkrs,59266,None,947,movies
md4wfc,59229,azgx29,1694,movies
npti95,59192,Samoht99,4014,movies
8a3f0h,59179,dcresistance,946,movies
9zio64,59037,None,6180,movies
6zx74t,58935,None,2985,movies
71joem,58775,bjkman,2864,movies
85j0tf,58754,whatzgood,924,movies
135rxte,58696,MarvelsGrantMan136,2875,movies
ayns7x,58510,LexingtonRyan,800,movies
am9btm,58475,thomasp003,2077,movies
gizrhm,58451,BunyipPouch,1986,movies
p1wbff,58409,SanderSo47,2912,movies
nas7uc,58369,Samoht99,2621,movies
9rnyk2,58313,Bennett1984,4582,movies
bkbt0e,58167,MoviesMod,5124,movies
kahpbg,58164,lordDEMAXUS,1773,movies
fejg90,58146,hildebrand_rarity,2557,movies
ecvyfu,58129,impeccabletim,4415,movies
ga4cve,58066,MysteriousJello2,1736,movies
etz6t9,58020,Sisiwakanamaru,2483,movies
f5splh,57922,None,1540,movies
mridnw,57773,indig0sixalpha,3427,movies
a51qh6,57741,Sisiwakanamaru,2254,movies
vtnmyu,57570,MarvelsGrantMan136,2261,movies
88s68k,57437,TheRockOfficial,2969,movies
gnggd4,57438,impeccabletim,7211,movies
k05z0k,57363,queenkathycaramel,8491,movies
chaq39,57355,SanderSo47,2803,movies
10sdawg,57315,sha_man,3940,movies
9r40ty,57201,BunyipPouch,2439,movies
ehr12q,57158,Mudron,478,movies
5sapnc,57146,filmfanatic5,1450,movies
iji9bg,57130,Afrothunderzx,1099,movies
cp0b93,57127,None,2241,movies
xxf0g7,57118,None,7920,movies
avlige,57105,BunyipPouch,5035,movies
100p6jg,57022,MarvelsGrantMan136,1062,movies
cffho4,57014,gullibletrout,1264,movies
avfecc,56977,Didntstartthefire,3387,movies
fxa59w,56948,Isthisgoodenough69,1433,movies
cq9j2g,56919,BunyipPouch,1750,movies
40ikf3,56841,zeebs758,2601,movies
cilkls,56825,radbrad7,682,movies
cuwb06,56813,fifthdayofmay,5461,movies
po8fkx,56785,chanma50,1890,movies
aevwj4,56725,BunyipPouch,2952,movies
fgbmy9,56713,BunyipPouch,2139,movies
8epi2t,56680,BunyipPouch,2685,movies
cnk5oi,56651,Tokyono,1075,movies
a9bm8w,56555,BunyipPouch,2086,movies
f41ezo,56483,lilbro93,4299,movies
xu6wel,56393,MarvelsGrantMan136,1251,movies
e0zedz,56386,MrRandall-Stephens,1103,movies
flusfn,56358,brahbocop,2106,movies
wjhxbn,56325,MarvelsGrantMan136,1950,movies
5ku2n4,56293,TheKingOfPoop,4295,movies
p03m3h,56271,None,3923,movies
agpwaw,56260,JMaesterN,3355,movies
9sq3e6,56245,benjwilliams98,2421,movies
b0ai54,56177,hisdudeness9829,2727,movies
aaas6q,56060,anthonyleoncio,5500,movies
qsf1am,55922,chanma50,3453,movies
dpq74u,55889,BunyipPouch,1236,movies
zi3hfw,55874,impeccabletim,2673,movies
6hdr9i,55832,CptArius,780,movies
8ux6bk,55706,BunyipPouch,2693,movies
2no7ht,55697,Draxton,10226,movies
7ywanp,55683,Boss452,1775,movies
lrdjci,55590,chanma50,2498,movies
8xshzz,55568,JournalistDude,1720,movies
8tampw,55556,Gedogfx,1057,movies
mczlwk,55512,impeccabletim,2471,movies
zncy27,55467,MarvelsGrantMan136,4131,movies
5mjomm,55444,Auir2blaze,877,movies
gia6fp,55455,BunyipPouch,3113,movies
7kehsc,55414,felonydumper,1682,movies
7vwakf,55334,-Lumos,3352,movies
8yabwy,55284,Sisiwakanamaru,2169,movies
7499j2,55273,Melanismdotcom,1768,movies
j5piw0,55221,BunyipPouch,3451,movies
8b1j9u,55147,child_of_lightning,6381,movies
aougrx,55132,BunyipPouch,1140,movies
9ra62n,55135,ridingthestrals,2204,movies
y1hy0r,55126,MrTuxedo1,1664,movies
g9xgnh,54998,mmmmdarkmeat,4610,movies
yjg64i,54960,DemiFiendRSA,2431,movies
8l1ids,54941,Kennyjive,1284,movies
a7pf73,54936,irvw,2279,movies
jesexw,54932,SanderSo47,3211,movies
5vuzo3,54900,WutUtalkingBoutWill,3168,movies
9uf0yu,54893,mysteryguitarm,1060,movies
dch55p,54811,BunyipPouch,2602,movies
omugmz,54797,tacoreddit,1891,movies
8pucop,54784,Bennett1984,1332,movies
sd7g90,54755,aaliyaahson,3969,movies
zlrpuu,54743,MarvelsGrantMan136,1651,movies
ddlrds,54748,Niyazali_Haneef,2393,movies
wppvvg,54714,This_Ferret,2368,movies
djp0lv,54705,BunyipPouch,895,movies
admhkx,54565,thomasp003,2775,movies
cv07s2,54546,None,2876,movies
d39dhe,54510,FancyWonderBoy,3507,movies
fi1d84,54464,aduong,1367,movies
8gsknb,54376,coffeesavant,3589,movies
wn0v0c,54331,zsreport,2565,movies
q8rhih,54201,chanma50,2256,movies
iulcmv,54205,chanma50,1368,movies
64jf5v,54153,dvaibhavd,6911,movies
ry7at3,54129,SAT0725,4165,movies
hy9122,54065,chanma50,1575,movies
gz1htn,53969,magikarpcatcher,4933,movies
yylg24,53923,MarvelsGrantMan136,1296,movies
8hls6p,53922,blazing42069,1519,movies
85aua7,53831,nO0b,651,movies
e05if1,53824,BunyipPouch,1881,movies
lgu69y,53757,DemiFiendRSA,3010,movies
8nj3ul,53746,Johnny_W94,3063,movies
7o3kb5,53743,Whodat402,3584,movies
45sul3,53630,MasterLawlz,2902,movies
bcg185,53585,benjwilliams98,14204,movies
wh0fqf,53534,Balls_of_Adamanthium,5087,movies
hwfa7k,53475,Niyazali_Haneef,3467,movies
11f7ifp,53440,Comic_Book_Reader,6490,movies
7xsnsr,53425,NeilPoonHandler,995,movies
91ghue,53374,ManiaforBeatles,2776,movies
7nv683,53301,indig0sixalpha,5675,movies
b52864,53272,BunyipPouch,2056,movies
a9f1z9,53265,impeccabletim,4193,movies
825ul2,53238,Kylestache,1938,movies
hqlmd6,53241,chanma50,3648,movies
dz2i83,53198,None,2035,movies
5hij2r,53109,iBleeedorange,1120,movies
hx1rqn,53070,NeilPoonHandler,4280,movies
guvupx,53070,BunyipPouch,1175,movies
6r7404,53004,waynardskynard,1929,movies
9gksft,52947,ThePinkHulk,5351,movies
7vqcd8,52927,Murreey,6692,movies
l436ha,52897,NeelZilla,7799,movies
7vxno1,52901,rlawliet,2691,movies
mi4658,52822,DemiFiendRSA,1689,movies
6xwmoz,52805,FireninjaDD,1157,movies
j4rb8p,52782,Angrypixel89,5529,movies
aq90sx,52785,BunyipPouch,2149,movies
p6xosu,52748,DemiFiendRSA,4697,movies
6zfmg5,52687,thePABSman,1677,movies
bzbp5v,52681,seamuswray,1074,movies
eh71gy,52667,BunyipPouch,4402,movies
11pyx7e,52654,baribigbird06,4503,movies
5qnhr6,52564,None,1417,movies
s6y6ev,52524,MarvelsGrantMan136,1823,movies
6aj6z2,52501,None,1913,movies
4xjmqf,52478,AzizAlhazan,1549,movies
9gddje,52454,thomasp003,3739,movies
pk9dle,52448,MarvelsGrantMan136,2851,movies
uotfe5,52441,MarvelsGrantMan136,2513,movies
8tk85i,52412,TheMightyPnut,1190,movies
g7c2wx,52366,chanma50,1290,movies
gah4sx,52165,chanma50,1843,movies
gzi122,52096,Niyazali_Haneef,1468,movies
7u6hjb,52024,BunyipPouch,1278,movies
dl3h1y,51995,BunyipPouch,3846,movies
w68vxr,51971,MarvelsGrantMan136,1193,movies
z096f7,51942,MarvelsGrantMan136,3388,movies
vl72od,51944,chanma50,5743,movies
fy186f,51900,BunyipPouch,837,movies
gr1yz8,51899,reva_r,1576,movies
kfxe60,51775,SappyGilmore,1508,movies
av2r2x,51761,dnytle,2550,movies
af4vnd,51726,None,1160,movies
ui6axt,51634,Sisiwakanamaru,1614,movies
onmsi4,51616,None,3024,movies
5nubbs,51608,jordanlolss,3227,movies
lmnq4b,51552,Starboy11,2395,movies
hfwatz,51548,redindian_92,483,movies
13nzp99,51476,lawrencedun2002,1691,movies
a1je8j,51475,BunyipPouch,2864,movies
10d37yp,51434,None,2149,movies
mnkxsc,51407,chanma50,2718,movies
j8qykz,51398,BunyipPouch,1338,movies
dlzhqz,51389,BunyipPouch,2734,movies
8qc9g7,51388,TheMindsGutter,3520,movies
818j0r,51354,None,3102,movies
ab61dz,51336,RokuKyoshiAang,1332,movies
c0nkqt,51307,Dylan_Mq,2530,movies
6j80vq,51298,lookglen,1424,movies
f9w00u,51283,chanma50,2671,movies
jidh2r,51180,Niyazali_Haneef,3286,movies
